Name,DesignationName,LocationCode,AuthorizationProfileName,ExpenseProfileName,EmployeeCode,AccountNumber,ReportingToEmployeeCode,Email,Username,DateOfJoining,DateOfBirth,BaseSalary,BaseSalaryFromDate,BaseSalaryToDate,Gender,Role1,Role2,Role3,Role4,Role5,Role6,Role7,Role8,Role9,Role10
CM_IND_01,Country Manager,MH,Country Head,GENERAL,1,1122345,,CM_IND_01@cotecna.test,CM_IND_01@cotecna.test,01-04-2015,01-01-1970,50000,01-04-2019,31-12-2099,M,Employee,Manager,,,,,,,,
RM_AP_02,Location Manager,AP,Regional Manager,GENERAL,2,1122346,1,RM_AP_02@cotecna.test,RM_AP_02@cotecna.test,01-04-2015,01-01-1970,40000,01-04-2019,31-12-2099,M,Employee,Manager,Finance,,,,,,,
RM_AP_03,Location Manager,AP,Regional Manager,GENERAL,3,1122347,1,RM_AP_03@cotecna.test,RM_AP_03@cotecna.test,01-04-2015,01-01-1970,40000,01-04-2019,31-12-2099,M,Employee,Manager,,,,,,,,
MGR_AP_04,Business Manager,AP,Reporting Manager,GENERAL,4,1122348,2,MGR_AP_04@cotecna.test,MGR_AP_04@cotecna.test,01-04-2015,01-01-1970,30000,01-04-2019,31-12-2099,M,Employee,Manager,,,,,,,,
MGR_AP_05,Business Manager,AP,Reporting Manager,GENERAL,5,1122349,2,MGR_AP_05@cotecna.test,MGR_AP_05@cotecna.test,01-04-2015,01-01-1970,30000,01-04-2019,31-12-2099,F,Employee,Manager,,,,,,,,
MGR_AP_06,Business Manager,AP,Reporting Manager,GENERAL,6,1122350,3,MGR_AP_06@cotecna.test,MGR_AP_06@cotecna.test,01-04-2015,01-01-1970,30000,01-04-2019,31-12-2099,F,Employee,Manager,,,,,,,,
MGR_AP_07,Business Manager,AP,Reporting Manager,GENERAL,7,1122351,3,MGR_AP_07@cotecna.test,MGR_AP_07@cotecna.test,01-04-2015,01-01-1970,30000,01-04-2019,31-12-2099,F,Employee,Manager,,,,,,,,
Employee_AP_08,Member of Staff,AP,Employee,STAFF,8,1122352,2,EMPLOYEE_AP_08@cotecna.test,EMPLOYEE_AP_08@cotecna.test,01-04-2015,01-01-1970,20000,01-04-2019,31-12-2099,F,Employee,,,,,,,,,
Employee_AP_09,Member of Staff,AP,Employee,STAFF,9,1122353,2,EMPLOYEE_AP_09@cotecna.test,EMPLOYEE_AP_09@cotecna.test,01-04-2015,01-01-1970,20000,01-04-2019,31-12-2099,F,Employee,,,,,,,,,
Employee_AP_10,Member of Staff,AP,Employee,STAFF,10,1122354,2,EMPLOYEE_AP_10@cotecna.test,EMPLOYEE_AP_10@cotecna.test,01-04-2015,01-01-1970,20000,01-04-2019,31-12-2099,F,Employee,,,,,,,,,
Employee_AP_11,Member of Staff,AP,Employee,STAFF,11,1122355,4,EMPLOYEE_AP_11@cotecna.test,EMPLOYEE_AP_11@cotecna.test,01-04-2015,01-01-1970,20000,01-04-2019,31-12-2099,F,Employee,,,,,,,,,
Employee_AP_12,Member of Staff,AP,Employee,STAFF,12,1122356,4,EMPLOYEE_AP_12@cotecna.test,EMPLOYEE_AP_12@cotecna.test,01-04-2015,01-01-1970,20000,01-04-2019,31-12-2099,F,Employee,,,,,,,,,
Employee_AP_13,Member of Staff,AP,Employee,STAFF,13,1122357,5,EMPLOYEE_AP_13@cotecna.test,EMPLOYEE_AP_13@cotecna.test,01-04-2015,01-01-1970,15000,01-04-2019,31-12-2099,F,Employee,,,,,,,,,
Employee_AP_14,Member of Staff,AP,Employee,STAFF,14,1122358,5,EMPLOYEE_AP_14@cotecna.test,EMPLOYEE_AP_14@cotecna.test,01-04-2015,01-01-1970,15000,01-04-2019,31-12-2099,F,Employee,,,,,,,,,
Employee_AP_15,Member of Staff,AP,Employee,STAFF,15,1122359,5,EMPLOYEE_AP_15@cotecna.test,EMPLOYEE_AP_15@cotecna.test,01-04-2015,01-01-1970,15000,01-04-2019,31-12-2099,F,Employee,,,,,,,,,
Employee_AP_16,Member of Staff,AP,Employee,STAFF,16,1122360,2,EMPLOYEE_AP_16@cotecna.test,EMPLOYEE_AP_16@cotecna.test,01-04-2015,01-01-1970,15000,01-04-2019,31-12-2099,F,Employee,,,,,,,,,
Employee_AP_17,Inspector,AP,Employee,INSPECTOR,17,1122361,2,EMPLOYEE_AP_17@cotecna.test,EMPLOYEE_AP_17@cotecna.test,01-04-2015,01-01-1970,25000,01-04-2019,31-12-2099,F,Employee,,,,,,,,,
Employee_AP_18,Inspector,AP,Employee,INSPECTOR,18,1122362,2,EMPLOYEE_AP_18@cotecna.test,EMPLOYEE_AP_18@cotecna.test,01-04-2015,01-01-1970,25000,01-04-2019,31-12-2099,F,Employee,,,,,,,,,
Employee_AP_19,Inspector,AP,Employee,INSPECTOR,19,1122363,4,EMPLOYEE_AP_19@cotecna.test,EMPLOYEE_AP_19@cotecna.test,01-04-2015,01-01-1970,25000,01-04-2019,31-12-2099,F,Employee,,,,,,,,,
Employee_AP_20,Inspector,AP,Employee,INSPECTOR,20,1122364,4,EMPLOYEE_AP_20@cotecna.test,EMPLOYEE_AP_20@cotecna.test,01-04-2015,01-01-1970,25000,01-04-2019,31-12-2099,F,Employee,,,,,,,,,
Employee_AP_21,Inspector,AP,Employee,INSPECTOR,21,1122365,5,EMPLOYEE_AP_21@cotecna.test,EMPLOYEE_AP_21@cotecna.test,01-04-2015,01-01-1970,20000,01-04-2019,31-12-2099,F,Employee,,,,,,,,,
Employee_AP_22,Inspector,AP,Employee,INSPECTOR,22,1122366,5,EMPLOYEE_AP_22@cotecna.test,EMPLOYEE_AP_22@cotecna.test,01-04-2015,01-01-1970,20000,01-04-2019,31-12-2099,F,Employee,,,,,,,,,
COORD_AP_23,Location Co-ordinator,AP,Employee,STAFF,23,1122367,3,COORD_AP_23@cotecna.test,COORD_AP_23@cotecna.test,01-04-2015,01-01-1970,20000,01-04-2019,31-12-2099,F,Employee,Timesheet Coordinator,Location Coordinator,,,,,,,
HR_AP_24,HR Manager,AP,Employee,GENERAL,24,1122368,1,HR_AP_24@cotecna.test,HR_AP_24@cotecna.test,01-04-2015,01-01-1970,20000,01-04-2019,31-12-2099,F,Employee,Human Resources,,,,,,,,
RM_DL_02,Location Manager,DL,Regional Manager,GENERAL,25,1122369,1,RM_DL_02@cotecna.test,RM_DL_02@cotecna.test,01-04-2015,01-01-1970,40000,01-04-2019,31-12-2099,F,Employee,Manager,Finance,,,,,,,
RM_DL_03,Location Manager,DL,Regional Manager,GENERAL,26,1122370,1,RM_DL_03@cotecna.test,RM_DL_03@cotecna.test,02-04-2015,01-02-1970,40000,01-04-2019,31-12-2099,F,Employee,Manager,,,,,,,,
MGR_DL_04,Business Manager,DL,Reporting Manager,GENERAL,27,1122371,25,MGR_DL_04@cotecna.test,MGR_DL_04@cotecna.test,03-04-2015,01-03-1970,30000,01-04-2019,31-12-2099,F,Employee,Manager,,,,,,,,
MGR_DL_05,Business Manager,DL,Reporting Manager,GENERAL,28,1122372,25,MGR_DL_05@cotecna.test,MGR_DL_05@cotecna.test,04-04-2015,01-04-1970,30000,01-04-2019,31-12-2099,F,Employee,Manager,,,,,,,,
MGR_DL_06,Business Manager,DL,Reporting Manager,GENERAL,29,1122373,26,MGR_DL_06@cotecna.test,MGR_DL_06@cotecna.test,05-04-2015,01-05-1970,30000,01-04-2019,31-12-2099,F,Employee,Manager,,,,,,,,
MGR_DL_07,Business Manager,DL,Reporting Manager,GENERAL,30,1122374,26,MGR_DL_07@cotecna.test,MGR_DL_07@cotecna.test,06-04-2015,01-06-1970,30000,01-04-2019,31-12-2099,F,Employee,Manager,,,,,,,,
Employee_DL_08,Member of Staff,DL,Employee,STAFF,31,1122375,25,EMPLOYEE_DL_08@cotecna.test,EMPLOYEE_DL_08@cotecna.test,07-04-2015,01-07-1970,20000,01-04-2019,31-12-2099,M,Employee,,,,,,,,,
Employee_DL_09,Member of Staff,DL,Employee,STAFF,32,1122376,25,EMPLOYEE_DL_09@cotecna.test,EMPLOYEE_DL_09@cotecna.test,08-04-2015,01-08-1970,20000,01-04-2019,31-12-2099,M,Employee,,,,,,,,,
Employee_DL_10,Member of Staff,DL,Employee,STAFF,33,1122377,25,EMPLOYEE_DL_10@cotecna.test,EMPLOYEE_DL_10@cotecna.test,09-04-2015,01-09-1970,20000,01-04-2019,31-12-2099,M,Employee,,,,,,,,,
Employee_DL_11,Member of Staff,DL,Employee,STAFF,34,1122378,25,EMPLOYEE_DL_11@cotecna.test,EMPLOYEE_DL_11@cotecna.test,10-04-2015,01-10-1970,20000,01-04-2019,31-12-2099,M,Employee,,,,,,,,,
Employee_DL_12,Member of Staff,DL,Employee,STAFF,35,1122379,26,EMPLOYEE_DL_12@cotecna.test,EMPLOYEE_DL_12@cotecna.test,11-04-2015,01-11-1970,20000,01-04-2019,31-12-2099,F,Employee,,,,,,,,,
Employee_DL_13,Member of Staff,DL,Employee,STAFF,36,1122380,26,EMPLOYEE_DL_13@cotecna.test,EMPLOYEE_DL_13@cotecna.test,12-04-2015,01-12-1970,15000,01-04-2019,31-12-2099,M,Employee,,,,,,,,,
Employee_DL_14,Member of Staff,DL,Employee,STAFF,37,1122381,26,EMPLOYEE_DL_14@cotecna.test,EMPLOYEE_DL_14@cotecna.test,13-04-2015,01-01-1971,15000,01-04-2019,31-12-2099,M,Employee,,,,,,,,,
Employee_DL_15,Member of Staff,DL,Employee,STAFF,38,1122382,26,EMPLOYEE_DL_15@cotecna.test,EMPLOYEE_DL_15@cotecna.test,14-04-2015,01-02-1971,15000,01-04-2019,31-12-2099,M,Employee,,,,,,,,,
Employee_DL_16,Member of Staff,DL,Employee,STAFF,39,1122383,26,EMPLOYEE_DL_16@cotecna.test,EMPLOYEE_DL_16@cotecna.test,15-04-2015,01-03-1971,15000,01-04-2019,31-12-2099,M,Employee,,,,,,,,,
Employee_DL_17,Inspector,DL,Employee,INSPECTOR,40,1122384,27,EMPLOYEE_DL_17@cotecna.test,EMPLOYEE_DL_17@cotecna.test,16-04-2015,01-04-1971,25000,01-04-2019,31-12-2099,F,Employee,,,,,,,,,
Employee_DL_18,Inspector,DL,Employee,INSPECTOR,41,1122385,27,EMPLOYEE_DL_18@cotecna.test,EMPLOYEE_DL_18@cotecna.test,17-04-2015,01-05-1971,25000,01-04-2019,31-12-2099,M,Employee,,,,,,,,,
Employee_DL_19,Inspector,DL,Employee,INSPECTOR,42,1122386,27,EMPLOYEE_DL_19@cotecna.test,EMPLOYEE_DL_19@cotecna.test,18-04-2015,01-06-1971,25000,01-04-2019,31-12-2099,M,Employee,,,,,,,,,
Employee_DL_20,Inspector,DL,Employee,INSPECTOR,43,1122387,28,EMPLOYEE_DL_20@cotecna.test,EMPLOYEE_DL_20@cotecna.test,19-04-2015,01-07-1971,25000,01-04-2019,31-12-2099,M,Employee,,,,,,,,,
Employee_DL_21,Inspector,DL,Employee,INSPECTOR,44,1122388,28,EMPLOYEE_DL_21@cotecna.test,EMPLOYEE_DL_21@cotecna.test,20-04-2015,01-08-1971,20000,01-04-2019,31-12-2099,M,Employee,,,,,,,,,
Employee_DL_22,Inspector,DL,Employee,INSPECTOR,45,1122389,28,EMPLOYEE_DL_22@cotecna.test,EMPLOYEE_DL_22@cotecna.test,21-04-2015,01-09-1971,20000,01-04-2019,31-12-2099,M,Employee,,,,,,,,,
COORD_DL_23,Location Co-ordinator,DL,Employee,STAFF,46,1122390,30,COORD_DL_23@cotecna.test,COORD_DL_23@cotecna.test,22-04-2015,01-10-1971,20000,01-04-2019,31-12-2099,F,Employee,Timesheet Coordinator,,,,,,,,
HR_DL_24,HR Manager,DL,Employee,GENERAL,47,1122391,26,HR_DL_24@cotecna.test,HR_DL_24@cotecna.test,23-05-2015,01-11-1971,20000,01-04-2019,31-12-2099,M,Employee,Human Resources,,,,,,,,
RM_GJ_02,Location Manager,GJ,Regional Manager,GENERAL,48,1122392,1,RM_GJ_02@cotecna.test,RM_GJ_02@cotecna.test,23-06-2015,01-11-1972,40000,01-04-2019,31-12-2099,F,Employee,Manager,,,,,,,,
RM_GJ_03,Location Manager,GJ,Regional Manager,GENERAL,49,1122393,1,RM_GJ_03@cotecna.test,RM_GJ_03@cotecna.test,23-07-2015,01-11-1973,40000,01-04-2019,31-12-2099,F,Employee,Manager,Finance,,,,,,,
MGR_GJ_04,Business Manager,GJ,Reporting Manager,GENERAL,50,1122394,48,MGR_GJ_04@cotecna.test,MGR_GJ_04@cotecna.test,23-08-2015,01-11-1974,30000,01-04-2019,31-12-2099,F,Employee,Manager,,,,,,,,
MGR_GJ_05,Business Manager,GJ,Reporting Manager,GENERAL,51,1122395,48,MGR_GJ_05@cotecna.test,MGR_GJ_05@cotecna.test,23-09-2015,01-11-1975,30000,01-04-2019,31-12-2099,F,Employee,Manager,,,,,,,,
MGR_GJ_06,Business Manager,GJ,Reporting Manager,GENERAL,52,1122396,49,MGR_GJ_06@cotecna.test,MGR_GJ_06@cotecna.test,23-10-2015,01-11-1976,30000,01-04-2019,31-12-2099,F,Employee,Manager,,,,,,,,
MGR_GJ_07,Business Manager,GJ,Reporting Manager,GENERAL,53,1122397,49,MGR_GJ_07@cotecna.test,MGR_GJ_07@cotecna.test,23-11-2015,01-11-1977,30000,01-04-2019,31-12-2099,F,Employee,Manager,,,,,,,,
Employee_GJ_08,Member of Staff,GJ,Employee,STAFF,54,1122398,50,EMPLOYEE_GJ_08@cotecna.test,EMPLOYEE_GJ_08@cotecna.test,23-12-2015,01-11-1978,20000,01-04-2019,31-12-2099,F,Employee,,,,,,,,,
Employee_GJ_09,Member of Staff,GJ,Employee,STAFF,55,1122399,50,EMPLOYEE_GJ_09@cotecna.test,EMPLOYEE_GJ_09@cotecna.test,23-01-2016,01-11-1979,20000,01-04-2019,31-12-2099,F,Employee,,,,,,,,,
Employee_GJ_10,Member of Staff,GJ,Employee,STAFF,56,1122400,50,EMPLOYEE_GJ_10@cotecna.test,EMPLOYEE_GJ_10@cotecna.test,23-02-2016,01-11-1980,20000,01-04-2019,31-12-2099,F,Employee,,,,,,,,,
Employee_GJ_11,Member of Staff,GJ,Employee,STAFF,57,1122401,50,EMPLOYEE_GJ_11@cotecna.test,EMPLOYEE_GJ_11@cotecna.test,23-03-2016,01-11-1981,20000,01-04-2019,31-12-2099,F,Employee,,,,,,,,,
Employee_GJ_12,Member of Staff,GJ,Employee,STAFF,58,1122402,51,EMPLOYEE_GJ_12@cotecna.test,EMPLOYEE_GJ_12@cotecna.test,23-04-2016,01-11-1982,20000,01-04-2019,31-12-2099,F,Employee,,,,,,,,,
Employee_GJ_13,Member of Staff,GJ,Employee,STAFF,59,1122403,51,EMPLOYEE_GJ_13@cotecna.test,EMPLOYEE_GJ_13@cotecna.test,23-05-2016,01-11-1983,15000,01-04-2019,31-12-2099,F,Employee,,,,,,,,,
Employee_GJ_14,Member of Staff,GJ,Employee,STAFF,60,1122404,51,EMPLOYEE_GJ_14@cotecna.test,EMPLOYEE_GJ_14@cotecna.test,23-06-2016,01-11-1984,15000,01-04-2019,31-12-2099,F,Employee,,,,,,,,,
Employee_GJ_15,Member of Staff,GJ,Employee,STAFF,61,1122405,51,EMPLOYEE_GJ_15@cotecna.test,EMPLOYEE_GJ_15@cotecna.test,23-07-2016,01-11-1985,15000,01-04-2019,31-12-2099,F,Employee,,,,,,,,,
Employee_GJ_16,Member of Staff,GJ,Employee,STAFF,62,1122406,51,EMPLOYEE_GJ_16@cotecna.test,EMPLOYEE_GJ_16@cotecna.test,23-08-2016,01-11-1986,15000,01-04-2019,31-12-2099,F,Employee,,,,,,,,,
Employee_GJ_17,Inspector,GJ,Employee,INSPECTOR,63,1122407,52,EMPLOYEE_GJ_17@cotecna.test,EMPLOYEE_GJ_17@cotecna.test,23-09-2016,01-11-1987,25000,01-04-2019,31-12-2099,F,Employee,,,,,,,,,
Employee_GJ_18,Inspector,GJ,Employee,INSPECTOR,64,1122408,52,EMPLOYEE_GJ_18@cotecna.test,EMPLOYEE_GJ_18@cotecna.test,23-10-2016,01-11-1988,25000,01-04-2019,31-12-2099,F,Employee,,,,,,,,,
Employee_GJ_19,Inspector,GJ,Employee,INSPECTOR,65,1122409,52,EMPLOYEE_GJ_19@cotecna.test,EMPLOYEE_GJ_19@cotecna.test,23-11-2016,01-11-1989,25000,01-04-2019,31-12-2099,F,Employee,,,,,,,,,
Employee_GJ_20,Inspector,GJ,Employee,INSPECTOR,66,1122410,52,EMPLOYEE_GJ_20@cotecna.test,EMPLOYEE_GJ_20@cotecna.test,23-12-2016,01-11-1990,25000,01-04-2019,31-12-2099,F,Employee,,,,,,,,,
Employee_GJ_21,Inspector,GJ,Employee,INSPECTOR,67,1122411,53,EMPLOYEE_GJ_21@cotecna.test,EMPLOYEE_GJ_21@cotecna.test,23-01-2017,01-11-1991,20000,01-04-2019,31-12-2099,F,Employee,,,,,,,,,
Employee_GJ_22,Inspector,GJ,Employee,INSPECTOR,68,1122412,53,EMPLOYEE_GJ_22@cotecna.test,EMPLOYEE_GJ_22@cotecna.test,23-02-2017,01-11-1992,20000,01-04-2019,31-12-2099,F,Employee,,,,,,,,,
COORD_GJ_23,Location Co-ordinator,GJ,Employee,STAFF,69,1122413,53,COORD_GJ_23@cotecna.test,COORD_GJ_23@cotecna.test,23-03-2017,01-11-1993,20000,01-04-2019,31-12-2099,F,Employee,Timesheet Coordinator,,,,,,,,
HR_GJ_24,HR Manager,GJ,Employee,GENERAL,70,1122414,48,HR_GJ_24@cotecna.test,HR_GJ_24@cotecna.test,23-04-2017,01-11-1994,20000,01-04-2019,31-12-2099,F,Employee,Human Resources,,,,,,,,
RM_MH_02,Location Manager,MH,Regional Manager,GENERAL,71,1122415,1,RM_MH_02@cotecna.test,RM_MH_02@cotecna.test,01-01-2016,17-12-1989,40000,01-04-2019,31-12-2099,M,Employee,Manager,Finance,,,,,,,
RM_MH_03,Location Manager,MH,Regional Manager,GENERAL,72,1122416,1,RM_MH_03@cotecna.test,RM_MH_03@cotecna.test,01-02-2016,18-12-1989,40000,01-04-2019,31-12-2099,F,Employee,Manager,,,,,,,,
MGR_MH_04,Business Manager,MH,Reporting Manager,GENERAL,73,1122417,71,MGR_MH_04@cotecna.test,MGR_MH_04@cotecna.test,01-03-2016,19-12-1989,30000,01-04-2019,31-12-2099,M,Employee,Manager,,,,,,,,
MGR_MH_05,Business Manager,MH,Reporting Manager,GENERAL,74,1122418,71,MGR_MH_05@cotecna.test,MGR_MH_05@cotecna.test,01-04-2016,20-12-1989,30000,01-04-2019,31-12-2099,F,Employee,Manager,,,,,,,,
MGR_MH_06,Business Manager,MH,Reporting Manager,GENERAL,75,1122419,72,MGR_MH_06@cotecna.test,MGR_MH_06@cotecna.test,01-05-2016,21-12-1989,30000,01-04-2019,31-12-2099,M,Employee,Manager,,,,,,,,
MGR_MH_07,Business Manager,MH,Reporting Manager,GENERAL,76,1122420,72,MGR_MH_07@cotecna.test,MGR_MH_07@cotecna.test,01-06-2016,22-12-1989,30000,01-04-2019,31-12-2099,F,Employee,Manager,,,,,,,,
Employee_MH_08,Member of Staff,MH,Employee,STAFF,77,1122421,76,EMPLOYEE_MH_08@cotecna.test,EMPLOYEE_MH_08@cotecna.test,01-07-2016,23-12-1989,20000,01-04-2019,31-12-2099,M,Employee,,,,,,,,,
Employee_MH_09,Member of Staff,MH,Employee,STAFF,78,1122422,76,EMPLOYEE_MH_09@cotecna.test,EMPLOYEE_MH_09@cotecna.test,01-08-2016,24-12-1989,20000,01-04-2019,31-12-2099,F,Employee,,,,,,,,,
Employee_MH_10,Member of Staff,MH,Employee,STAFF,79,1122423,76,EMPLOYEE_MH_10@cotecna.test,EMPLOYEE_MH_10@cotecna.test,01-09-2016,25-12-1989,20000,01-04-2019,31-12-2099,F,Employee,,,,,,,,,
Employee_MH_11,Member of Staff,MH,Employee,STAFF,80,1122424,76,EMPLOYEE_MH_11@cotecna.test,EMPLOYEE_MH_11@cotecna.test,01-10-2016,26-12-1989,20000,01-04-2019,31-12-2099,M,Employee,,,,,,,,,
Employee_MH_12,Member of Staff,MH,Employee,STAFF,81,1122425,76,EMPLOYEE_MH_12@cotecna.test,EMPLOYEE_MH_12@cotecna.test,01-11-2016,27-12-1989,20000,01-04-2019,31-12-2099,F,Employee,,,,,,,,,
Employee_MH_13,Member of Staff,MH,Employee,STAFF,82,1122426,76,EMPLOYEE_MH_13@cotecna.test,EMPLOYEE_MH_13@cotecna.test,01-12-2016,28-12-1989,15000,01-04-2019,31-12-2099,M,Employee,,,,,,,,,
Employee_MH_14,Member of Staff,MH,Employee,STAFF,83,1122427,75,EMPLOYEE_MH_14@cotecna.test,EMPLOYEE_MH_14@cotecna.test,01-01-2017,29-12-1989,15000,01-04-2019,31-12-2099,F,Employee,,,,,,,,,
Employee_MH_15,Member of Staff,MH,Employee,STAFF,84,1122428,75,EMPLOYEE_MH_15@cotecna.test,EMPLOYEE_MH_15@cotecna.test,01-02-2017,30-12-1989,15000,01-04-2019,31-12-2099,M,Employee,,,,,,,,,
Employee_MH_16,Member of Staff,MH,Employee,STAFF,85,1122429,74,EMPLOYEE_MH_16@cotecna.test,EMPLOYEE_MH_16@cotecna.test,01-03-2017,31-12-1989,15000,01-04-2019,31-12-2099,F,Employee,,,,,,,,,
Employee_MH_17,Inspector,MH,Employee,INSPECTOR,86,1122430,74,EMPLOYEE_MH_17@cotecna.test,EMPLOYEE_MH_17@cotecna.test,01-04-2017,01-01-1990,25000,01-04-2019,31-12-2099,M,Employee,,,,,,,,,
Employee_MH_18,Inspector,MH,Employee,INSPECTOR,87,1122431,74,EMPLOYEE_MH_18@cotecna.test,EMPLOYEE_MH_18@cotecna.test,01-05-2017,02-01-1990,25000,01-04-2019,31-12-2099,F,Employee,,,,,,,,,
Employee_MH_19,Inspector,MH,Employee,INSPECTOR,88,1122432,74,EMPLOYEE_MH_19@cotecna.test,EMPLOYEE_MH_19@cotecna.test,01-06-2017,03-01-1990,25000,01-04-2019,31-12-2099,M,Employee,,,,,,,,,
Employee_MH_20,Inspector,MH,Employee,INSPECTOR,89,1122433,74,EMPLOYEE_MH_20@cotecna.test,EMPLOYEE_MH_20@cotecna.test,01-07-2017,04-01-1990,25000,01-04-2019,31-12-2099,F,Employee,,,,,,,,,
Employee_MH_21,Inspector,MH,Employee,INSPECTOR,90,1122434,73,EMPLOYEE_MH_21@cotecna.test,EMPLOYEE_MH_21@cotecna.test,01-08-2017,05-01-1990,20000,01-04-2019,31-12-2099,M,Employee,,,,,,,,,
Employee_MH_22,Inspector,MH,Employee,INSPECTOR,91,1122435,73,EMPLOYEE_MH_22@cotecna.test,EMPLOYEE_MH_22@cotecna.test,01-09-2017,06-01-1990,20000,01-04-2019,31-12-2099,F,Employee,,,,,,,,,
COORD_MH_23,Location Co-ordinator,MH,Employee,STAFF,92,1122436,73,COORD_MH_23@cotecna.test,COORD_MH_23@cotecna.test,01-10-2017,07-01-1990,20000,01-04-2019,31-12-2099,M,Employee,Timesheet Coordinator,,,,,,,,
HR_MH_24,HR Manager,MH,Employee,GENERAL,93,1122437,71,HR_MH_24@cotecna.test,HR_MH_24@cotecna.test,01-11-2017,08-01-1990,20000,01-04-2019,31-12-2099,F,Employee,Human Resources,,,,,,,,
RM_MP_02,Location Manager,MP,Regional Manager,GENERAL,94,1122438,1,RM_MP_02@cotecna.test,RM_MP_02@cotecna.test,01-02-2016,12-12-1980,40000,01-04-2019,31-12-2099,M,Employee,Manager,Finance,,,,,,,
RM_MP_03,Location Manager,MP,Regional Manager,GENERAL,95,1122439,1,RM_MP_03@cotecna.test,RM_MP_03@cotecna.test,02-02-2016,12-01-1981,40000,01-04-2019,31-12-2099,M,Employee,Manager,,,,,,,,
MGR_MP_04,Business Manager,MP,Reporting Manager,GENERAL,96,1122440,94,MGR_MP_04@cotecna.test,MGR_MP_04@cotecna.test,03-02-2016,12-02-1981,30000,01-04-2019,31-12-2099,M,Employee,Manager,,,,,,,,
MGR_MP_05,Business Manager,MP,Reporting Manager,GENERAL,97,1122441,94,MGR_MP_05@cotecna.test,MGR_MP_05@cotecna.test,04-02-2016,12-03-1981,30000,01-04-2019,31-12-2099,M,Employee,Manager,,,,,,,,
MGR_MP_06,Business Manager,MP,Reporting Manager,GENERAL,98,1122442,95,MGR_MP_06@cotecna.test,MGR_MP_06@cotecna.test,05-02-2016,12-04-1981,30000,01-04-2019,31-12-2099,M,Employee,Manager,,,,,,,,
MGR_MP_07,Business Manager,MP,Reporting Manager,GENERAL,99,1122443,95,MGR_MP_07@cotecna.test,MGR_MP_07@cotecna.test,08-02-2016,12-05-1981,30000,01-04-2019,31-12-2099,M,Employee,Manager,,,,,,,,
Employee_MP_08,Member of Staff,MP,Employee,STAFF,100,1122444,96,EMPLOYEE_MP_08@cotecna.test,EMPLOYEE_MP_08@cotecna.test,09-02-2016,12-06-1981,20000,01-04-2019,31-12-2099,M,Employee,,,,,,,,,
Employee_MP_09,Member of Staff,MP,Employee,STAFF,101,1122445,96,EMPLOYEE_MP_09@cotecna.test,EMPLOYEE_MP_09@cotecna.test,10-02-2016,12-07-1981,20000,01-04-2019,31-12-2099,M,Employee,,,,,,,,,
Employee_MP_10,Member of Staff,MP,Employee,STAFF,102,1122446,96,EMPLOYEE_MP_10@cotecna.test,EMPLOYEE_MP_10@cotecna.test,11-02-2016,12-08-1981,20000,01-04-2019,31-12-2099,M,Employee,,,,,,,,,
Employee_MP_11,Member of Staff,MP,Employee,STAFF,103,1122447,96,EMPLOYEE_MP_11@cotecna.test,EMPLOYEE_MP_11@cotecna.test,12-02-2016,12-09-1981,20000,01-04-2019,31-12-2099,M,Employee,,,,,,,,,
Employee_MP_12,Member of Staff,MP,Employee,STAFF,104,1122448,97,EMPLOYEE_MP_12@cotecna.test,EMPLOYEE_MP_12@cotecna.test,15-02-2016,12-10-1981,20000,01-04-2019,31-12-2099,M,Employee,,,,,,,,,
Employee_MP_13,Member of Staff,MP,Employee,STAFF,105,1122449,97,EMPLOYEE_MP_13@cotecna.test,EMPLOYEE_MP_13@cotecna.test,16-02-2016,12-11-1981,15000,01-04-2019,31-12-2099,M,Employee,,,,,,,,,
Employee_MP_14,Member of Staff,MP,Employee,STAFF,106,1122450,97,EMPLOYEE_MP_14@cotecna.test,EMPLOYEE_MP_14@cotecna.test,17-02-2016,12-12-1981,15000,01-04-2019,31-12-2099,M,Employee,,,,,,,,,
Employee_MP_15,Member of Staff,MP,Employee,STAFF,107,1122451,97,EMPLOYEE_MP_15@cotecna.test,EMPLOYEE_MP_15@cotecna.test,18-02-2016,12-01-1982,15000,01-04-2019,31-12-2099,M,Employee,,,,,,,,,
Employee_MP_16,Member of Staff,MP,Employee,STAFF,108,1122452,98,EMPLOYEE_MP_16@cotecna.test,EMPLOYEE_MP_16@cotecna.test,19-02-2016,12-02-1982,15000,01-04-2019,31-12-2099,M,Employee,,,,,,,,,
Employee_MP_17,Inspector,MP,Employee,INSPECTOR,109,1122453,98,EMPLOYEE_MP_17@cotecna.test,EMPLOYEE_MP_17@cotecna.test,22-02-2016,12-03-1982,25000,01-04-2019,31-12-2099,M,Employee,,,,,,,,,
Employee_MP_18,Inspector,MP,Employee,INSPECTOR,110,1122454,98,EMPLOYEE_MP_18@cotecna.test,EMPLOYEE_MP_18@cotecna.test,23-02-2016,12-04-1982,25000,01-04-2019,31-12-2099,M,Employee,,,,,,,,,
Employee_MP_19,Inspector,MP,Employee,INSPECTOR,111,1122455,98,EMPLOYEE_MP_19@cotecna.test,EMPLOYEE_MP_19@cotecna.test,24-02-2016,12-05-1982,25000,01-04-2019,31-12-2099,M,Employee,,,,,,,,,
Employee_MP_20,Inspector,MP,Employee,INSPECTOR,112,1122456,99,EMPLOYEE_MP_20@cotecna.test,EMPLOYEE_MP_20@cotecna.test,25-02-2016,12-06-1982,25000,01-04-2019,31-12-2099,M,Employee,,,,,,,,,
Employee_MP_21,Inspector,MP,Employee,INSPECTOR,113,1122457,99,EMPLOYEE_MP_21@cotecna.test,EMPLOYEE_MP_21@cotecna.test,26-02-2016,12-07-1982,20000,01-04-2019,31-12-2099,M,Employee,,,,,,,,,
Employee_MP_22,Inspector,MP,Employee,INSPECTOR,114,1122458,99,EMPLOYEE_MP_22@cotecna.test,EMPLOYEE_MP_22@cotecna.test,29-02-2016,12-08-1982,20000,01-04-2019,31-12-2099,M,Employee,,,,,,,,,
COORD_MP_23,Location Co-ordinator,MP,Employee,STAFF,115,1122459,94,COORD_MP_23@cotecna.test,COORD_MP_23@cotecna.test,01-03-2016,12-09-1982,20000,01-04-2019,31-12-2099,M,Employee,Timesheet Coordinator,,,,,,,,
HR_MP_24,HR Manager,MP,Employee,GENERAL,116,1122460,95,HR_MP_24@cotecna.test,HR_MP_24@cotecna.test,02-03-2016,12-10-1982,20000,01-04-2019,31-12-2099,M,Employee,Human Resources,,,,,,,,
RM_ODI_02,Location Manager,ODI,Regional Manager,GENERAL,117,1122461,1,RM_ODI_02@cotecna.test,RM_ODI_02@cotecna.test,05-05-2015,12-12-1990,40000,01-04-2019,31-12-2099,M,Employee,Manager,Finance,,,,,,,
RM_ODI_03,Location Manager,ODI,Regional Manager,GENERAL,118,1122462,1,RM_ODI_03@cotecna.test,RM_ODI_03@cotecna.test,06-05-2015,13-12-1990,40000,01-04-2019,31-12-2099,M,Employee,Manager,,,,,,,,
MGR_ODI_04,Business Manager,ODI,Reporting Manager,GENERAL,119,1122463,117,MGR_ODI_04@cotecna.test,MGR_ODI_04@cotecna.test,07-05-2015,14-12-1990,30000,01-04-2019,31-12-2099,M,Employee,Manager,,,,,,,,
MGR_ODI_05,Business Manager,ODI,Reporting Manager,GENERAL,120,1122464,117,MGR_ODI_05@cotecna.test,MGR_ODI_05@cotecna.test,08-05-2015,15-12-1990,30000,01-04-2019,31-12-2099,F,Employee,Manager,,,,,,,,
MGR_ODI_06,Business Manager,ODI,Reporting Manager,GENERAL,121,1122465,118,MGR_ODI_06@cotecna.test,MGR_ODI_06@cotecna.test,09-05-2015,16-12-1990,30000,01-04-2019,31-12-2099,F,Employee,Manager,,,,,,,,
MGR_ODI_07,Business Manager,ODI,Reporting Manager,GENERAL,122,1122466,118,MGR_ODI_07@cotecna.test,MGR_ODI_07@cotecna.test,10-05-2015,17-12-1990,30000,01-04-2019,31-12-2099,F,Employee,Manager,,,,,,,,
Employee_ODI_08,Member of Staff,ODI,Employee,STAFF,123,1122467,119,EMPLOYEE_ODI_08@cotecna.test,EMPLOYEE_ODI_08@cotecna.test,11-05-2015,18-12-1990,20000,01-04-2019,31-12-2099,F,Employee,,,,,,,,,
Employee_ODI_09,Member of Staff,ODI,Employee,STAFF,124,1122468,119,EMPLOYEE_ODI_09@cotecna.test,EMPLOYEE_ODI_09@cotecna.test,12-05-2015,19-12-1990,20000,01-04-2019,31-12-2099,F,Employee,,,,,,,,,
Employee_ODI_10,Member of Staff,ODI,Employee,STAFF,125,1122469,119,EMPLOYEE_ODI_10@cotecna.test,EMPLOYEE_ODI_10@cotecna.test,13-05-2015,20-12-1990,20000,01-04-2019,31-12-2099,F,Employee,,,,,,,,,
Employee_ODI_11,Member of Staff,ODI,Employee,STAFF,126,1122470,119,EMPLOYEE_ODI_11@cotecna.test,EMPLOYEE_ODI_11@cotecna.test,14-05-2015,21-12-1990,20000,01-04-2019,31-12-2099,F,Employee,,,,,,,,,
Employee_ODI_12,Member of Staff,ODI,Employee,STAFF,127,1122471,119,EMPLOYEE_ODI_12@cotecna.test,EMPLOYEE_ODI_12@cotecna.test,15-05-2015,22-12-1990,20000,01-04-2019,31-12-2099,F,Employee,,,,,,,,,
Employee_ODI_13,Member of Staff,ODI,Employee,STAFF,128,1122472,120,EMPLOYEE_ODI_13@cotecna.test,EMPLOYEE_ODI_13@cotecna.test,16-05-2015,23-12-1990,15000,01-04-2019,31-12-2099,F,Employee,,,,,,,,,
Employee_ODI_14,Member of Staff,ODI,Employee,STAFF,129,1122473,120,EMPLOYEE_ODI_14@cotecna.test,EMPLOYEE_ODI_14@cotecna.test,17-05-2015,24-12-1990,15000,01-04-2019,31-12-2099,F,Employee,,,,,,,,,
Employee_ODI_15,Member of Staff,ODI,Employee,STAFF,130,1122474,120,EMPLOYEE_ODI_15@cotecna.test,EMPLOYEE_ODI_15@cotecna.test,18-05-2015,25-12-1990,15000,01-04-2019,31-12-2099,F,Employee,,,,,,,,,
Employee_ODI_16,Member of Staff,ODI,Employee,STAFF,131,1122475,121,EMPLOYEE_ODI_16@cotecna.test,EMPLOYEE_ODI_16@cotecna.test,19-05-2015,26-12-1990,15000,01-04-2019,31-12-2099,F,Employee,,,,,,,,,
Employee_ODI_17,Inspector,ODI,Employee,INSPECTOR,132,1122476,121,EMPLOYEE_ODI_17@cotecna.test,EMPLOYEE_ODI_17@cotecna.test,20-05-2015,27-12-1990,25000,01-04-2019,31-12-2099,F,Employee,,,,,,,,,
Employee_ODI_18,Inspector,ODI,Employee,INSPECTOR,133,1122477,121,EMPLOYEE_ODI_18@cotecna.test,EMPLOYEE_ODI_18@cotecna.test,21-05-2015,28-12-1990,25000,01-04-2019,31-12-2099,F,Employee,,,,,,,,,
Employee_ODI_19,Inspector,ODI,Employee,INSPECTOR,134,1122478,121,EMPLOYEE_ODI_19@cotecna.test,EMPLOYEE_ODI_19@cotecna.test,22-05-2015,29-12-1990,25000,01-04-2019,31-12-2099,F,Employee,,,,,,,,,
Employee_ODI_20,Inspector,ODI,Employee,INSPECTOR,135,1122479,121,EMPLOYEE_ODI_20@cotecna.test,EMPLOYEE_ODI_20@cotecna.test,23-05-2015,30-12-1990,25000,01-04-2019,31-12-2099,F,Employee,,,,,,,,,
Employee_ODI_21,Inspector,ODI,Employee,INSPECTOR,136,1122480,121,EMPLOYEE_ODI_21@cotecna.test,EMPLOYEE_ODI_21@cotecna.test,24-05-2015,31-12-1990,20000,01-04-2019,31-12-2099,F,Employee,,,,,,,,,
Employee_ODI_22,Inspector,ODI,Employee,INSPECTOR,137,1122481,122,EMPLOYEE_ODI_22@cotecna.test,EMPLOYEE_ODI_22@cotecna.test,25-05-2015,01-01-1991,20000,01-04-2019,31-12-2099,F,Employee,,,,,,,,,
COORD_ODI_23,Location Co-ordinator,ODI,Employee,STAFF,138,1122482,122,COORD_ODI_23@cotecna.test,COORD_ODI_23@cotecna.test,26-05-2015,02-01-1991,20000,01-04-2019,31-12-2099,F,Employee,Timesheet Coordinator,,,,,,,,
HR_ODI_24,HR Manager,ODI,Employee,GENERAL,139,1122483,118,HR_ODI_24@cotecna.test,HR_ODI_24@cotecna.test,27-05-2015,03-01-1991,20000,01-04-2019,31-12-2099,F,Employee,Human Resources,,,,,,,,
RM_TN_02,Location Manager,TN,Regional Manager,GENERAL,140,1122484,1,RM_TN_02@cotecna.test,RM_TN_02@cotecna.test,28-05-2015,19-10-1988,40000,01-04-2019,31-12-2099,M,Employee,Manager,Finance,,,,,,,
RM_TN_03,Location Manager,TN,Regional Manager,GENERAL,141,1122485,1,RM_TN_03@cotecna.test,RM_TN_03@cotecna.test,29-05-2015,19-11-1988,40000,01-04-2019,31-12-2099,M,Employee,Manager,,,,,,,,
MGR_TN_04,Business Manager,TN,Reporting Manager,GENERAL,142,1122486,140,MGR_TN_04@cotecna.test,MGR_TN_04@cotecna.test,30-05-2015,19-12-1988,30000,01-04-2019,31-12-2099,M,Employee,Manager,,,,,,,,
MGR_TN_05,Business Manager,TN,Reporting Manager,GENERAL,143,1122487,140,MGR_TN_05@cotecna.test,MGR_TN_05@cotecna.test,31-05-2015,19-01-1989,30000,01-04-2019,31-12-2099,M,Employee,Manager,,,,,,,,
MGR_TN_06,Business Manager,TN,Reporting Manager,GENERAL,144,1122488,141,MGR_TN_06@cotecna.test,MGR_TN_06@cotecna.test,01-06-2015,19-02-1989,30000,01-04-2019,31-12-2099,F,Employee,Manager,,,,,,,,
MGR_TN_07,Business Manager,TN,Reporting Manager,GENERAL,145,1122489,141,MGR_TN_07@cotecna.test,MGR_TN_07@cotecna.test,02-06-2015,19-03-1989,30000,01-04-2019,31-12-2099,F,Employee,Manager,,,,,,,,
Employee_TN_08,Member of Staff,TN,Employee,STAFF,146,1122490,142,EMPLOYEE_TN_08@cotecna.test,EMPLOYEE_TN_08@cotecna.test,03-06-2015,19-04-1989,20000,01-04-2019,31-12-2099,F,Employee,,,,,,,,,
Employee_TN_09,Member of Staff,TN,Employee,STAFF,147,1122491,142,EMPLOYEE_TN_09@cotecna.test,EMPLOYEE_TN_09@cotecna.test,04-06-2015,19-05-1989,20000,01-04-2019,31-12-2099,F,Employee,,,,,,,,,
Employee_TN_10,Member of Staff,TN,Employee,STAFF,148,1122492,142,EMPLOYEE_TN_10@cotecna.test,EMPLOYEE_TN_10@cotecna.test,05-06-2015,19-06-1989,20000,01-04-2019,31-12-2099,F,Employee,,,,,,,,,
Employee_TN_11,Member of Staff,TN,Employee,STAFF,149,1122493,142,EMPLOYEE_TN_11@cotecna.test,EMPLOYEE_TN_11@cotecna.test,06-06-2015,19-07-1989,20000,01-04-2019,31-12-2099,F,Employee,,,,,,,,,
Employee_TN_12,Member of Staff,TN,Employee,STAFF,150,1122494,143,EMPLOYEE_TN_12@cotecna.test,EMPLOYEE_TN_12@cotecna.test,07-06-2015,19-08-1989,20000,01-04-2019,31-12-2099,F,Employee,,,,,,,,,
Employee_TN_13,Member of Staff,TN,Employee,STAFF,151,1122495,143,EMPLOYEE_TN_13@cotecna.test,EMPLOYEE_TN_13@cotecna.test,08-06-2015,19-09-1989,15000,01-04-2019,31-12-2099,F,Employee,,,,,,,,,
Employee_TN_14,Member of Staff,TN,Employee,STAFF,152,1122496,143,EMPLOYEE_TN_14@cotecna.test,EMPLOYEE_TN_14@cotecna.test,09-06-2015,19-10-1989,15000,01-04-2019,31-12-2099,F,Employee,,,,,,,,,
Employee_TN_15,Member of Staff,TN,Employee,STAFF,153,1122497,143,EMPLOYEE_TN_15@cotecna.test,EMPLOYEE_TN_15@cotecna.test,10-06-2015,19-11-1989,15000,01-04-2019,31-12-2099,F,Employee,,,,,,,,,
Employee_TN_16,Member of Staff,TN,Employee,STAFF,154,1122498,144,EMPLOYEE_TN_16@cotecna.test,EMPLOYEE_TN_16@cotecna.test,11-06-2015,19-12-1989,15000,01-04-2019,31-12-2099,F,Employee,,,,,,,,,
Employee_TN_17,Inspector,TN,Employee,INSPECTOR,155,1122499,144,EMPLOYEE_TN_17@cotecna.test,EMPLOYEE_TN_17@cotecna.test,12-06-2015,19-01-1990,25000,01-04-2019,31-12-2099,F,Employee,,,,,,,,,
Employee_TN_18,Inspector,TN,Employee,INSPECTOR,156,1122500,144,EMPLOYEE_TN_18@cotecna.test,EMPLOYEE_TN_18@cotecna.test,13-06-2015,19-02-1990,25000,01-04-2019,31-12-2099,F,Employee,,,,,,,,,
Employee_TN_19,Inspector,TN,Employee,INSPECTOR,157,1122501,144,EMPLOYEE_TN_19@cotecna.test,EMPLOYEE_TN_19@cotecna.test,14-06-2015,19-03-1990,25000,01-04-2019,31-12-2099,F,Employee,,,,,,,,,
Employee_TN_20,Inspector,TN,Employee,INSPECTOR,158,1122502,144,EMPLOYEE_TN_20@cotecna.test,EMPLOYEE_TN_20@cotecna.test,15-06-2015,19-04-1990,25000,01-04-2019,31-12-2099,F,Employee,,,,,,,,,
Employee_TN_21,Inspector,TN,Employee,INSPECTOR,159,1122503,145,EMPLOYEE_TN_21@cotecna.test,EMPLOYEE_TN_21@cotecna.test,16-06-2015,19-05-1990,20000,01-04-2019,31-12-2099,F,Employee,,,,,,,,,
Employee_TN_22,Inspector,TN,Employee,INSPECTOR,160,1122504,145,EMPLOYEE_TN_22@cotecna.test,EMPLOYEE_TN_22@cotecna.test,17-06-2015,19-06-1990,20000,01-04-2019,31-12-2099,F,Employee,,,,,,,,,
COORD_TN_23,Location Co-ordinator,TN,Employee,STAFF,161,1122505,145,COORD_TN_23@cotecna.test,COORD_TN_23@cotecna.test,18-06-2015,19-07-1990,20000,01-04-2019,31-12-2099,F,Employee,,,,,,,,,
HR_TN_24,HR Manager,TN,Employee,GENERAL,162,1122506,145,HR_TN_24@cotecna.test,HR_TN_24@cotecna.test,19-06-2015,19-08-1990,20000,01-04-2019,31-12-2099,F,Employee,Timesheet Coordinator,,,,,,,,
RM_WB_02,Location Manager,WB,Regional Manager,GENERAL,163,1122507,1,RM_WB_02@cotecna.test,RM_WB_02@cotecna.test,20-06-2015,20-08-1990,40000,01-04-2019,31-12-2099,M,Employee,Human Resources,,,,,,,,
RM_WB_03,Location Manager,WB,Regional Manager,GENERAL,164,1122508,1,RM_WB_03@cotecna.test,RM_WB_03@cotecna.test,21-06-2015,21-08-1990,40000,01-04-2019,31-12-2099,M,Employee,Manager,Finance,,,,,,,
MGR_WB_04,Business Manager,WB,Reporting Manager,GENERAL,165,1122509,163,MGR_WB_04@cotecna.test,MGR_WB_04@cotecna.test,22-06-2015,22-08-1990,30000,01-04-2019,31-12-2099,M,Employee,Manager,,,,,,,,
MGR_WB_05,Business Manager,WB,Reporting Manager,GENERAL,166,1122510,164,MGR_WB_05@cotecna.test,MGR_WB_05@cotecna.test,23-06-2015,23-08-1990,30000,01-04-2019,31-12-2099,M,Employee,Manager,,,,,,,,
MGR_WB_06,Business Manager,WB,Reporting Manager,GENERAL,167,1122511,163,MGR_WB_06@cotecna.test,MGR_WB_06@cotecna.test,24-06-2015,24-08-1990,30000,01-04-2019,31-12-2099,M,Employee,Manager,,,,,,,,
MGR_WB_07,Business Manager,WB,Reporting Manager,GENERAL,168,1122512,164,MGR_WB_07@cotecna.test,MGR_WB_07@cotecna.test,25-06-2015,25-08-1990,30000,01-04-2019,31-12-2099,M,Employee,Manager,,,,,,,,
Employee_WB_08,Member of Staff,WB,Employee,STAFF,169,1122513,168,EMPLOYEE_WB_08@cotecna.test,EMPLOYEE_WB_08@cotecna.test,26-06-2015,26-08-1990,20000,01-04-2019,31-12-2099,M,Employee,Manager,,,,,,,,
Employee_WB_09,Member of Staff,WB,Employee,STAFF,170,1122514,168,EMPLOYEE_WB_09@cotecna.test,EMPLOYEE_WB_09@cotecna.test,27-06-2015,27-08-1990,20000,01-04-2019,31-12-2099,M,Employee,,,,,,,,,
Employee_WB_10,Member of Staff,WB,Employee,STAFF,171,1122515,168,EMPLOYEE_WB_10@cotecna.test,EMPLOYEE_WB_10@cotecna.test,28-06-2015,28-08-1990,20000,01-04-2019,31-12-2099,M,Employee,,,,,,,,,
Employee_WB_11,Member of Staff,WB,Employee,STAFF,172,1122516,168,EMPLOYEE_WB_11@cotecna.test,EMPLOYEE_WB_11@cotecna.test,29-06-2015,29-08-1990,20000,01-04-2019,31-12-2099,M,Employee,,,,,,,,,
Employee_WB_12,Member of Staff,WB,Employee,STAFF,173,1122517,168,EMPLOYEE_WB_12@cotecna.test,EMPLOYEE_WB_12@cotecna.test,30-06-2015,30-08-1990,20000,01-04-2019,31-12-2099,M,Employee,,,,,,,,,
Employee_WB_13,Member of Staff,WB,Employee,STAFF,174,1122518,168,EMPLOYEE_WB_13@cotecna.test,EMPLOYEE_WB_13@cotecna.test,01-07-2015,31-08-1990,15000,01-04-2019,31-12-2099,M,Employee,,,,,,,,,
Employee_WB_14,Member of Staff,WB,Employee,STAFF,175,1122519,167,EMPLOYEE_WB_14@cotecna.test,EMPLOYEE_WB_14@cotecna.test,02-07-2015,01-09-1990,15000,01-04-2019,31-12-2099,M,Employee,,,,,,,,,
Employee_WB_15,Member of Staff,WB,Employee,STAFF,176,1122520,167,EMPLOYEE_WB_15@cotecna.test,EMPLOYEE_WB_15@cotecna.test,03-07-2015,02-09-1990,15000,01-04-2019,31-12-2099,M,Employee,,,,,,,,,
Employee_WB_16,Member of Staff,WB,Employee,STAFF,177,1122521,167,EMPLOYEE_WB_16@cotecna.test,EMPLOYEE_WB_16@cotecna.test,04-07-2015,03-09-1990,15000,01-04-2019,31-12-2099,M,Employee,,,,,,,,,
Employee_WB_17,Inspector,WB,Employee,INSPECTOR,178,1122522,167,EMPLOYEE_WB_17@cotecna.test,EMPLOYEE_WB_17@cotecna.test,05-07-2015,04-09-1990,25000,01-04-2019,31-12-2099,M,Employee,,,,,,,,,
Employee_WB_18,Inspector,WB,Employee,INSPECTOR,179,1122523,167,EMPLOYEE_WB_18@cotecna.test,EMPLOYEE_WB_18@cotecna.test,06-07-2015,05-09-1990,25000,01-04-2019,31-12-2099,M,Employee,,,,,,,,,
Employee_WB_19,Inspector,WB,Employee,INSPECTOR,180,1122524,167,EMPLOYEE_WB_19@cotecna.test,EMPLOYEE_WB_19@cotecna.test,07-07-2015,06-09-1990,25000,01-04-2019,31-12-2099,M,Employee,,,,,,,,,
Employee_WB_20,Inspector,WB,Employee,INSPECTOR,181,1122525,167,EMPLOYEE_WB_20@cotecna.test,EMPLOYEE_WB_20@cotecna.test,08-07-2015,07-09-1990,25000,01-04-2019,31-12-2099,M,Employee,,,,,,,,,
Employee_WB_21,Inspector,WB,Employee,INSPECTOR,182,1122526,166,EMPLOYEE_WB_21@cotecna.test,EMPLOYEE_WB_21@cotecna.test,09-07-2015,08-09-1990,20000,01-04-2019,31-12-2099,M,Employee,,,,,,,,,
Employee_WB_22,Inspector,WB,Employee,INSPECTOR,183,1122527,165,EMPLOYEE_WB_22@cotecna.test,EMPLOYEE_WB_22@cotecna.test,10-07-2015,09-09-1990,20000,01-04-2019,31-12-2099,M,Employee,,,,,,,,,
COORD_WB_23,Location Co-ordinator,WB,Employee,STAFF,184,1122528,165,COORD_WB_23@cotecna.test,COORD_WB_23@cotecna.test,11-07-2015,10-09-1990,20000,01-04-2019,31-12-2099,M,Employee,Timesheet Coordinator,,,,,,,,
HR_WB_24,HR Manager,WB,Employee,GENERAL,185,1122529,166,HR_WB_24@cotecna.test,HR_WB_24@cotecna.test,12-07-2015,11-09-1990,20000,01-04-2019,31-12-2099,F,Employee,Human Resources,,,,,,,,
